condition,stage,scope,action_index,ratio,eligible_pairs
RANDOM_NOISE,raw_policy,all,0,0.7591145833333334,768
RANDOM_NOISE,raw_policy,all,1,0.7183257918552036,884
RANDOM_NOISE,raw_policy,all,2,0.7389162561576355,812
RANDOM_NOISE,raw_policy,all,3,0.7242178447276941,863
RANDOM_NOISE,raw_policy,all,4,0.6963855421686747,830
RANDOM_NOISE,raw_policy,all,5,0.7571606475716065,803
RANDOM_NOISE,raw_policy,all,6,0.7171597633136094,845
RANDOM_NOISE,raw_policy,all,7,0.31631722880583407,1097
RANDOM_NOISE,raw_policy,all,8,0.44152311876699907,1103
RANDOM_NOISE,raw_policy,all,9,0.3263254113345521,1094
RANDOM_NOISE,raw_policy,all,10,0.3694029850746269,1072
RANDOM_NOISE,raw_policy,all,11,0.36597938144329895,1164
RANDOM_NOISE,raw_policy,all,12,0.36056105610561057,1212
RANDOM_NOISE,raw_policy,all,13,0.3710280373831776,1070
RANDOM_NOISE,raw_policy,all,14,0.7210460772104608,803
RANDOM_NOISE,raw_policy,all,15,0.7221556886227545,835
RANDOM_NOISE,raw_policy,right_arm,0,0.7591145833333334,768
RANDOM_NOISE,raw_policy,right_arm,1,0.7183257918552036,884
RANDOM_NOISE,raw_policy,right_arm,2,0.7389162561576355,812
RANDOM_NOISE,raw_policy,right_arm,3,0.7242178447276941,863
RANDOM_NOISE,raw_policy,right_arm,4,0.6963855421686747,830
RANDOM_NOISE,raw_policy,right_arm,5,0.7571606475716065,803
RANDOM_NOISE,raw_policy,right_arm,6,0.7171597633136094,845
RANDOM_NOISE,raw_policy,left_arm,7,0.31631722880583407,1097
RANDOM_NOISE,raw_policy,left_arm,8,0.44152311876699907,1103
RANDOM_NOISE,raw_policy,left_arm,9,0.3263254113345521,1094
RANDOM_NOISE,raw_policy,left_arm,10,0.3694029850746269,1072
RANDOM_NOISE,raw_policy,left_arm,11,0.36597938144329895,1164
RANDOM_NOISE,raw_policy,left_arm,12,0.36056105610561057,1212
RANDOM_NOISE,raw_policy,left_arm,13,0.3710280373831776,1070
RANDOM_NOISE,raw_policy,gripper,14,0.7210460772104608,803
RANDOM_NOISE,raw_policy,gripper,15,0.7221556886227545,835
RANDOM_NOISE,raw_policy,arms,0,0.7591145833333334,768
RANDOM_NOISE,raw_policy,arms,1,0.7183257918552036,884
RANDOM_NOISE,raw_policy,arms,2,0.7389162561576355,812
RANDOM_NOISE,raw_policy,arms,3,0.7242178447276941,863
RANDOM_NOISE,raw_policy,arms,4,0.6963855421686747,830
RANDOM_NOISE,raw_policy,arms,5,0.7571606475716065,803
RANDOM_NOISE,raw_policy,arms,6,0.7171597633136094,845
RANDOM_NOISE,raw_policy,arms,7,0.31631722880583407,1097
RANDOM_NOISE,raw_policy,arms,8,0.44152311876699907,1103
RANDOM_NOISE,raw_policy,arms,9,0.3263254113345521,1094
RANDOM_NOISE,raw_policy,arms,10,0.3694029850746269,1072
RANDOM_NOISE,raw_policy,arms,11,0.36597938144329895,1164
RANDOM_NOISE,raw_policy,arms,12,0.36056105610561057,1212
RANDOM_NOISE,raw_policy,arms,13,0.3710280373831776,1070
RANDOM_NOISE,robot_unit,all,0,0.8476658476658476,407
RANDOM_NOISE,robot_unit,all,1,0.8724489795918368,196
RANDOM_NOISE,robot_unit,all,2,0.8771929824561403,228
RANDOM_NOISE,robot_unit,all,3,0.9426751592356688,157
RANDOM_NOISE,robot_unit,all,4,0.8009592326139089,417
RANDOM_NOISE,robot_unit,all,5,1.0,39
RANDOM_NOISE,robot_unit,all,6,0.8193548387096774,310
RANDOM_NOISE,robot_unit,all,7,0.27324913892078073,871
RANDOM_NOISE,robot_unit,all,8,0.4189189189189189,444
RANDOM_NOISE,robot_unit,all,9,0.2718579234972678,732
RANDOM_NOISE,robot_unit,all,10,0.23325062034739455,403
RANDOM_NOISE,robot_unit,all,11,0.3463687150837989,895
RANDOM_NOISE,robot_unit,all,12,0.2633279483037157,619
RANDOM_NOISE,robot_unit,all,13,0.30349013657056145,659
RANDOM_NOISE,robot_unit,all,14,0.8187311178247734,331
RANDOM_NOISE,robot_unit,all,15,0.8933333333333333,225
RANDOM_NOISE,robot_unit,right_arm,0,0.8476658476658476,407
RANDOM_NOISE,robot_unit,right_arm,1,0.8724489795918368,196
RANDOM_NOISE,robot_unit,right_arm,2,0.8771929824561403,228
RANDOM_NOISE,robot_unit,right_arm,3,0.9426751592356688,157
RANDOM_NOISE,robot_unit,right_arm,4,0.8009592326139089,417
RANDOM_NOISE,robot_unit,right_arm,5,1.0,39
RANDOM_NOISE,robot_unit,right_arm,6,0.8193548387096774,310
RANDOM_NOISE,robot_unit,left_arm,7,0.27324913892078073,871
RANDOM_NOISE,robot_unit,left_arm,8,0.4189189189189189,444
RANDOM_NOISE,robot_unit,left_arm,9,0.2718579234972678,732
RANDOM_NOISE,robot_unit,left_arm,10,0.23325062034739455,403
RANDOM_NOISE,robot_unit,left_arm,11,0.3463687150837989,895
RANDOM_NOISE,robot_unit,left_arm,12,0.2633279483037157,619
RANDOM_NOISE,robot_unit,left_arm,13,0.30349013657056145,659
RANDOM_NOISE,robot_unit,gripper,14,0.8187311178247734,331
RANDOM_NOISE,robot_unit,gripper,15,0.8933333333333333,225
RANDOM_NOISE,robot_unit,arms,0,0.8476658476658476,407
RANDOM_NOISE,robot_unit,arms,1,0.8724489795918368,196
RANDOM_NOISE,robot_unit,arms,2,0.8771929824561403,228
RANDOM_NOISE,robot_unit,arms,3,0.9426751592356688,157
RANDOM_NOISE,robot_unit,arms,4,0.8009592326139089,417
RANDOM_NOISE,robot_unit,arms,5,1.0,39
RANDOM_NOISE,robot_unit,arms,6,0.8193548387096774,310
RANDOM_NOISE,robot_unit,arms,7,0.27324913892078073,871
RANDOM_NOISE,robot_unit,arms,8,0.4189189189189189,444
RANDOM_NOISE,robot_unit,arms,9,0.2718579234972678,732
RANDOM_NOISE,robot_unit,arms,10,0.23325062034739455,403
RANDOM_NOISE,robot_unit,arms,11,0.3463687150837989,895
RANDOM_NOISE,robot_unit,arms,12,0.2633279483037157,619
RANDOM_NOISE,robot_unit,arms,13,0.30349013657056145,659
FIXED_NOISE,raw_policy,all,0,0.72,750
FIXED_NOISE,raw_policy,all,1,0.6666666666666666,810
FIXED_NOISE,raw_policy,all,2,0.7037037037037037,810
FIXED_NOISE,raw_policy,all,3,0.76,750
FIXED_NOISE,raw_policy,all,4,0.8181818181818182,660
FIXED_NOISE,raw_policy,all,5,0.8181818181818182,990
FIXED_NOISE,raw_policy,all,6,0.7575757575757576,990
FIXED_NOISE,raw_policy,all,7,0.16666666666666666,1080
FIXED_NOISE,raw_policy,all,8,0.53125,960
FIXED_NOISE,raw_policy,all,9,0.17142857142857143,1050
FIXED_NOISE,raw_policy,all,10,0.2564102564102564,1170
FIXED_NOISE,raw_policy,all,11,0.39285714285714285,840
FIXED_NOISE,raw_policy,all,12,0.43902439024390244,1230
FIXED_NOISE,raw_policy,all,13,0.24390243902439024,1230
FIXED_NOISE,raw_policy,all,14,0.71875,960
FIXED_NOISE,raw_policy,all,15,0.72,750
FIXED_NOISE,raw_policy,right_arm,0,0.72,750
FIXED_NOISE,raw_policy,right_arm,1,0.6666666666666666,810
FIXED_NOISE,raw_policy,right_arm,2,0.7037037037037037,810
FIXED_NOISE,raw_policy,right_arm,3,0.76,750
FIXED_NOISE,raw_policy,right_arm,4,0.8181818181818182,660
FIXED_NOISE,raw_policy,right_arm,5,0.8181818181818182,990
FIXED_NOISE,raw_policy,right_arm,6,0.7575757575757576,990
FIXED_NOISE,raw_policy,left_arm,7,0.16666666666666666,1080
FIXED_NOISE,raw_policy,left_arm,8,0.53125,960
FIXED_NOISE,raw_policy,left_arm,9,0.17142857142857143,1050
FIXED_NOISE,raw_policy,left_arm,10,0.2564102564102564,1170
FIXED_NOISE,raw_policy,left_arm,11,0.39285714285714285,840
FIXED_NOISE,raw_policy,left_arm,12,0.43902439024390244,1230
FIXED_NOISE,raw_policy,left_arm,13,0.24390243902439024,1230
FIXED_NOISE,raw_policy,gripper,14,0.71875,960
FIXED_NOISE,raw_policy,gripper,15,0.72,750
FIXED_NOISE,raw_policy,arms,0,0.72,750
FIXED_NOISE,raw_policy,arms,1,0.6666666666666666,810
FIXED_NOISE,raw_policy,arms,2,0.7037037037037037,810
FIXED_NOISE,raw_policy,arms,3,0.76,750
FIXED_NOISE,raw_policy,arms,4,0.8181818181818182,660
FIXED_NOISE,raw_policy,arms,5,0.8181818181818182,990
FIXED_NOISE,raw_policy,arms,6,0.7575757575757576,990
FIXED_NOISE,raw_policy,arms,7,0.16666666666666666,1080
FIXED_NOISE,raw_policy,arms,8,0.53125,960
FIXED_NOISE,raw_policy,arms,9,0.17142857142857143,1050
FIXED_NOISE,raw_policy,arms,10,0.2564102564102564,1170
FIXED_NOISE,raw_policy,arms,11,0.39285714285714285,840
FIXED_NOISE,raw_policy,arms,12,0.43902439024390244,1230
FIXED_NOISE,raw_policy,arms,13,0.24390243902439024,1230
FIXED_NOISE,robot_unit,all,0,0.7894736842105263,570
FIXED_NOISE,robot_unit,all,1,1.0,150
FIXED_NOISE,robot_unit,all,2,0.8333333333333334,180
FIXED_NOISE,robot_unit,all,3,1.0,210
FIXED_NOISE,robot_unit,all,4,0.9090909090909091,330
FIXED_NOISE,robot_unit,all,5,1.0,30
FIXED_NOISE,robot_unit,all,6,1.0,450
FIXED_NOISE,robot_unit,all,7,0.125,960
FIXED_NOISE,robot_unit,all,8,0.2857142857142857,210
FIXED_NOISE,robot_unit,all,9,0.18181818181818182,990
FIXED_NOISE,robot_unit,all,10,0.22727272727272727,660
FIXED_NOISE,robot_unit,all,11,0.4166666666666667,720
FIXED_NOISE,robot_unit,all,12,0.3157894736842105,570
FIXED_NOISE,robot_unit,all,13,0.24242424242424243,990
FIXED_NOISE,robot_unit,all,14,0.9333333333333333,450
FIXED_NOISE,robot_unit,all,15,1.0,180
FIXED_NOISE,robot_unit,right_arm,0,0.7894736842105263,570
FIXED_NOISE,robot_unit,right_arm,1,1.0,150
FIXED_NOISE,robot_unit,right_arm,2,0.8333333333333334,180
FIXED_NOISE,robot_unit,right_arm,3,1.0,210
FIXED_NOISE,robot_unit,right_arm,4,0.9090909090909091,330
FIXED_NOISE,robot_unit,right_arm,5,1.0,30
FIXED_NOISE,robot_unit,right_arm,6,1.0,450
FIXED_NOISE,robot_unit,left_arm,7,0.125,960
FIXED_NOISE,robot_unit,left_arm,8,0.2857142857142857,210
FIXED_NOISE,robot_unit,left_arm,9,0.18181818181818182,990
FIXED_NOISE,robot_unit,left_arm,10,0.22727272727272727,660
FIXED_NOISE,robot_unit,left_arm,11,0.4166666666666667,720
FIXED_NOISE,robot_unit,left_arm,12,0.3157894736842105,570
FIXED_NOISE,robot_unit,left_arm,13,0.24242424242424243,990
FIXED_NOISE,robot_unit,gripper,14,0.9333333333333333,450
FIXED_NOISE,robot_unit,gripper,15,1.0,180
FIXED_NOISE,robot_unit,arms,0,0.7894736842105263,570
FIXED_NOISE,robot_unit,arms,1,1.0,150
FIXED_NOISE,robot_unit,arms,2,0.8333333333333334,180
FIXED_NOISE,robot_unit,arms,3,1.0,210
FIXED_NOISE,robot_unit,arms,4,0.9090909090909091,330
FIXED_NOISE,robot_unit,arms,5,1.0,30
FIXED_NOISE,robot_unit,arms,6,1.0,450
FIXED_NOISE,robot_unit,arms,7,0.125,960
FIXED_NOISE,robot_unit,arms,8,0.2857142857142857,210
FIXED_NOISE,robot_unit,arms,9,0.18181818181818182,990
FIXED_NOISE,robot_unit,arms,10,0.22727272727272727,660
FIXED_NOISE,robot_unit,arms,11,0.4166666666666667,720
FIXED_NOISE,robot_unit,arms,12,0.3157894736842105,570
FIXED_NOISE,robot_unit,arms,13,0.24242424242424243,990
