condition,stage,run,rmse_vs_run0,l2_vs_run0,max_abs_vs_run0
RANDOM_NOISE,raw_policy,1,0.0997820645570755,2.82226300239563,0.6883394718170166
RANDOM_NOISE,raw_policy,2,0.13486070930957794,3.814436674118042,0.7432703375816345
RANDOM_NOISE,raw_policy,3,0.09717198461294174,2.748438835144043,0.6337559223175049
RANDOM_NOISE,raw_policy,4,0.10063140094280243,2.846285581588745,0.7509812116622925
RANDOM_NOISE,raw_policy,5,0.1161896288394928,3.286339044570923,0.8354819416999817
RANDOM_NOISE,raw_policy,6,0.08808734267950058,2.4914863109588623,0.5084613561630249
RANDOM_NOISE,raw_policy,7,0.102452851831913,2.8978042602539062,0.7380796670913696
RANDOM_NOISE,raw_policy,8,0.11571213603019714,3.2728335857391357,0.7737584710121155
RANDOM_NOISE,raw_policy,9,0.13224518299102783,3.7404589653015137,1.0514897108078003
RANDOM_NOISE,raw_policy,10,0.08400508016347885,2.3760228157043457,0.4549512267112732
RANDOM_NOISE,raw_policy,11,0.07912672311067581,2.238041639328003,0.4795295298099518
RANDOM_NOISE,raw_policy,12,0.09234079718589783,2.6117920875549316,0.6518696546554565
RANDOM_NOISE,raw_policy,13,0.09903588145971298,2.8011579513549805,0.7276469469070435
RANDOM_NOISE,raw_policy,14,0.11459975689649582,3.241370439529419,0.41461414098739624
RANDOM_NOISE,raw_policy,15,0.0933290496468544,2.6397440433502197,0.4097740054130554
RANDOM_NOISE,raw_policy,16,0.09628700464963913,2.723407745361328,0.5750949382781982
RANDOM_NOISE,raw_policy,17,0.10076870769262314,2.8501696586608887,0.5071941614151001
RANDOM_NOISE,raw_policy,18,0.09263071417808533,2.619992256164551,0.6526459455490112
RANDOM_NOISE,raw_policy,19,0.12940536439418793,3.6601369380950928,0.620216965675354
RANDOM_NOISE,raw_policy,20,0.09124348312616348,2.5807554721832275,0.5352375507354736
RANDOM_NOISE,raw_policy,21,0.11871075630187988,3.357647180557251,0.46617788076400757
RANDOM_NOISE,raw_policy,22,0.07752107083797455,2.192626714706421,0.38605332374572754
RANDOM_NOISE,raw_policy,23,0.08550854027271271,2.4185469150543213,0.6694046258926392
RANDOM_NOISE,raw_policy,24,0.08775509148836136,2.482088565826416,0.7540410757064819
RANDOM_NOISE,raw_policy,25,0.08941130340099335,2.52893328666687,0.45470190048217773
RANDOM_NOISE,raw_policy,26,0.09938856214284897,2.8111331462860107,0.5101473927497864
RANDOM_NOISE,raw_policy,27,0.08904550969600677,2.518587350845337,0.6276729106903076
RANDOM_NOISE,raw_policy,28,0.08591333776712418,2.4299962520599365,0.4807506203651428
RANDOM_NOISE,raw_policy,29,0.08881890028715134,2.5121779441833496,0.5407741069793701
RANDOM_NOISE,robot_unit,1,0.03585391864180565,1.0141019821166992,0.17078807950019836
RANDOM_NOISE,robot_unit,2,0.04750451818108559,1.3436306715011597,0.19934459030628204
RANDOM_NOISE,robot_unit,3,0.03020179085433483,0.8542356491088867,0.13187158107757568
RANDOM_NOISE,robot_unit,4,0.03604874387383461,1.019612431526184,0.17033158242702484
RANDOM_NOISE,robot_unit,5,0.039046790450811386,1.104410171508789,0.229905366897583
RANDOM_NOISE,robot_unit,6,0.02892451547086239,0.818108856678009,0.10901106894016266
RANDOM_NOISE,robot_unit,7,0.0335075743496418,0.9477372765541077,0.22488287091255188
RANDOM_NOISE,robot_unit,8,0.037467531859874725,1.0597418546676636,0.2531300485134125
RANDOM_NOISE,robot_unit,9,0.04228447750210762,1.1959855556488037,0.1974329948425293
RANDOM_NOISE,robot_unit,10,0.028278065845370293,0.7998245358467102,0.12237858772277832
RANDOM_NOISE,robot_unit,11,0.023875154554843903,0.6752913594245911,0.11774103343486786
RANDOM_NOISE,robot_unit,12,0.02771676331758499,0.7839483618736267,0.13939356803894043
RANDOM_NOISE,robot_unit,13,0.03057951293885708,0.8649193048477173,0.14893382787704468
RANDOM_NOISE,robot_unit,14,0.045215003192424774,1.278873324394226,0.19050413370132446
RANDOM_NOISE,robot_unit,15,0.03744669258594513,1.059152364730835,0.20357173681259155
RANDOM_NOISE,robot_unit,16,0.03575580567121506,1.0113269090652466,0.1779899299144745
RANDOM_NOISE,robot_unit,17,0.0346023328602314,0.9787017107009888,0.15871620178222656
RANDOM_NOISE,robot_unit,18,0.02779647707939148,0.7862030863761902,0.1225440502166748
RANDOM_NOISE,robot_unit,19,0.04532945901155472,1.2821109294891357,0.25171908736228943
RANDOM_NOISE,robot_unit,20,0.029295790940523148,0.8286100625991821,0.18230664730072021
RANDOM_NOISE,robot_unit,21,0.047007426619529724,1.3295707702636719,0.21731555461883545
RANDOM_NOISE,robot_unit,22,0.026915481314063072,0.7612848281860352,0.14757071435451508
RANDOM_NOISE,robot_unit,23,0.029318418353796005,0.8292500972747803,0.1329295039176941
RANDOM_NOISE,robot_unit,24,0.026106959208846092,0.738416314125061,0.14158248901367188
RANDOM_NOISE,robot_unit,25,0.03151632100343704,0.8914161324501038,0.1465902328491211
RANDOM_NOISE,robot_unit,26,0.03528739511966705,0.9980783462524414,0.17762091755867004
RANDOM_NOISE,robot_unit,27,0.026936205103993416,0.7618709802627563,0.13256925344467163
RANDOM_NOISE,robot_unit,28,0.027311278507113457,0.7724795341491699,0.1115654706954956
RANDOM_NOISE,robot_unit,29,0.02739337645471096,0.7748016715049744,0.11783897876739502
FIXED_NOISE,raw_policy,1,0.0,0.0,0.0
FIXED_NOISE,raw_policy,2,0.0,0.0,0.0
FIXED_NOISE,raw_policy,3,0.0,0.0,0.0
FIXED_NOISE,raw_policy,4,0.0,0.0,0.0
FIXED_NOISE,raw_policy,5,0.0,0.0,0.0
FIXED_NOISE,raw_policy,6,0.0,0.0,0.0
FIXED_NOISE,raw_policy,7,0.0,0.0,0.0
FIXED_NOISE,raw_policy,8,0.0,0.0,0.0
FIXED_NOISE,raw_policy,9,0.0,0.0,0.0
FIXED_NOISE,raw_policy,10,0.0,0.0,0.0
FIXED_NOISE,raw_policy,11,0.0,0.0,0.0
FIXED_NOISE,raw_policy,12,0.0,0.0,0.0
FIXED_NOISE,raw_policy,13,0.0,0.0,0.0
FIXED_NOISE,raw_policy,14,0.0,0.0,0.0
FIXED_NOISE,raw_policy,15,0.0,0.0,0.0
FIXED_NOISE,raw_policy,16,0.0,0.0,0.0
FIXED_NOISE,raw_policy,17,0.0,0.0,0.0
FIXED_NOISE,raw_policy,18,0.0,0.0,0.0
FIXED_NOISE,raw_policy,19,0.0,0.0,0.0
FIXED_NOISE,raw_policy,20,0.0,0.0,0.0
FIXED_NOISE,raw_policy,21,0.0,0.0,0.0
FIXED_NOISE,raw_policy,22,0.0,0.0,0.0
FIXED_NOISE,raw_policy,23,0.0,0.0,0.0
FIXED_NOISE,raw_policy,24,0.0,0.0,0.0
FIXED_NOISE,raw_policy,25,0.0,0.0,0.0
FIXED_NOISE,raw_policy,26,0.0,0.0,0.0
FIXED_NOISE,raw_policy,27,0.0,0.0,0.0
FIXED_NOISE,raw_policy,28,0.0,0.0,0.0
FIXED_NOISE,raw_policy,29,0.0,0.0,0.0
FIXED_NOISE,robot_unit,1,0.0,0.0,0.0
FIXED_NOISE,robot_unit,2,0.0,0.0,0.0
FIXED_NOISE,robot_unit,3,0.0,0.0,0.0
FIXED_NOISE,robot_unit,4,0.0,0.0,0.0
FIXED_NOISE,robot_unit,5,0.0,0.0,0.0
FIXED_NOISE,robot_unit,6,0.0,0.0,0.0
FIXED_NOISE,robot_unit,7,0.0,0.0,0.0
FIXED_NOISE,robot_unit,8,0.0,0.0,0.0
FIXED_NOISE,robot_unit,9,0.0,0.0,0.0
FIXED_NOISE,robot_unit,10,0.0,0.0,0.0
FIXED_NOISE,robot_unit,11,0.0,0.0,0.0
FIXED_NOISE,robot_unit,12,0.0,0.0,0.0
FIXED_NOISE,robot_unit,13,0.0,0.0,0.0
FIXED_NOISE,robot_unit,14,0.0,0.0,0.0
FIXED_NOISE,robot_unit,15,0.0,0.0,0.0
FIXED_NOISE,robot_unit,16,0.0,0.0,0.0
FIXED_NOISE,robot_unit,17,0.0,0.0,0.0
FIXED_NOISE,robot_unit,18,0.0,0.0,0.0
FIXED_NOISE,robot_unit,19,0.0,0.0,0.0
FIXED_NOISE,robot_unit,20,0.0,0.0,0.0
FIXED_NOISE,robot_unit,21,0.0,0.0,0.0
FIXED_NOISE,robot_unit,22,0.0,0.0,0.0
FIXED_NOISE,robot_unit,23,0.0,0.0,0.0
FIXED_NOISE,robot_unit,24,0.0,0.0,0.0
FIXED_NOISE,robot_unit,25,0.0,0.0,0.0
FIXED_NOISE,robot_unit,26,0.0,0.0,0.0
FIXED_NOISE,robot_unit,27,0.0,0.0,0.0
FIXED_NOISE,robot_unit,28,0.0,0.0,0.0
FIXED_NOISE,robot_unit,29,0.0,0.0,0.0
