num_steps,stage,scope,metric,value
10,raw_policy,all,across_run_std_mean,0.0
10,raw_policy,all,across_run_std_median,0.0
10,raw_policy,all,across_run_std_p90,0.0
10,raw_policy,all,across_run_std_p95,0.0
10,raw_policy,all,across_run_std_p99,0.0
10,raw_policy,all,across_run_std_min,0.0
10,raw_policy,all,across_run_std_max,0.0
10,raw_policy,all,within_chunk_delta_mean,0.06548194822912314
10,raw_policy,all,within_chunk_delta_median,0.058819979429244995
10,raw_policy,all,within_chunk_delta_p90,0.09861629605293275
10,raw_policy,all,within_chunk_delta_p95,0.12073243856430034
10,raw_policy,all,within_chunk_delta_p99,0.15154329538345335
10,raw_policy,all,within_chunk_delta_min,0.02135157585144043
10,raw_policy,all,within_chunk_delta_max,0.1530805230140686
10,raw_policy,all,within_chunk_second_delta_mean,0.08323292550630867
10,raw_policy,all,within_chunk_second_delta_median,0.076954185962677
10,raw_policy,all,within_chunk_second_delta_p90,0.12217343822121622
10,raw_policy,all,within_chunk_second_delta_p95,0.14499411880969998
10,raw_policy,all,within_chunk_second_delta_p99,0.16526239365339282
10,raw_policy,all,within_chunk_second_delta_min,0.042416930198669434
10,raw_policy,all,within_chunk_second_delta_max,0.17551103234291077
10,raw_policy,all,oscillation_ratio,0.5755258126195029
10,raw_policy,right_arm,across_run_std_mean,0.0
10,raw_policy,right_arm,across_run_std_median,0.0
10,raw_policy,right_arm,across_run_std_p90,0.0
10,raw_policy,right_arm,across_run_std_p95,0.0
10,raw_policy,right_arm,across_run_std_p99,0.0
10,raw_policy,right_arm,across_run_std_min,0.0
10,raw_policy,right_arm,across_run_std_max,0.0
10,raw_policy,right_arm,within_chunk_delta_mean,0.031632804748963336
10,raw_policy,right_arm,within_chunk_delta_median,0.028081297874450684
10,raw_policy,right_arm,within_chunk_delta_p90,0.046195495128631595
10,raw_policy,right_arm,within_chunk_delta_p95,0.0583184003829956
10,raw_policy,right_arm,within_chunk_delta_p99,0.06685247421264642
10,raw_policy,right_arm,within_chunk_delta_min,0.009403228759765625
10,raw_policy,right_arm,within_chunk_delta_max,0.07340550422668457
10,raw_policy,right_arm,within_chunk_second_delta_mean,0.055214528615276016
10,raw_policy,right_arm,within_chunk_second_delta_median,0.051164090633392334
10,raw_policy,right_arm,within_chunk_second_delta_p90,0.07826523184776314
10,raw_policy,right_arm,within_chunk_second_delta_p95,0.09426352381706236
10,raw_policy,right_arm,within_chunk_second_delta_p99,0.12254423260688785
10,raw_policy,right_arm,within_chunk_second_delta_min,0.014020860195159912
10,raw_policy,right_arm,within_chunk_second_delta_max,0.1331588625907898
10,raw_policy,right_arm,oscillation_ratio,0.7718446601941747
10,raw_policy,left_arm,across_run_std_mean,0.0
10,raw_policy,left_arm,across_run_std_median,0.0
10,raw_policy,left_arm,across_run_std_p90,0.0
10,raw_policy,left_arm,across_run_std_p95,0.0
10,raw_policy,left_arm,across_run_std_p99,0.0
10,raw_policy,left_arm,across_run_std_min,0.0
10,raw_policy,left_arm,across_run_std_max,0.0
10,raw_policy,left_arm,within_chunk_delta_mean,0.06380122991240754
10,raw_policy,left_arm,within_chunk_delta_median,0.058819979429244995
10,raw_policy,left_arm,within_chunk_delta_p90,0.09861629605293275
10,raw_policy,left_arm,within_chunk_delta_p95,0.12073243856430034
10,raw_policy,left_arm,within_chunk_delta_p99,0.15154329538345335
10,raw_policy,left_arm,within_chunk_delta_min,0.02135157585144043
10,raw_policy,left_arm,within_chunk_delta_max,0.1530805230140686
10,raw_policy,left_arm,within_chunk_second_delta_mean,0.0783766327270617
10,raw_policy,left_arm,within_chunk_second_delta_median,0.07121312618255615
10,raw_policy,left_arm,within_chunk_second_delta_p90,0.11696863248944285
10,raw_policy,left_arm,within_chunk_second_delta_p95,0.1421946972608566
10,raw_policy,left_arm,within_chunk_second_delta_p99,0.16526239365339282
10,raw_policy,left_arm,within_chunk_second_delta_min,0.022438906133174896
10,raw_policy,left_arm,within_chunk_second_delta_max,0.17551103234291077
10,raw_policy,left_arm,oscillation_ratio,0.4
10,raw_policy,gripper,across_run_std_mean,0.0
10,raw_policy,gripper,across_run_std_median,0.0
10,raw_policy,gripper,across_run_std_p90,0.0
10,raw_policy,gripper,across_run_std_p95,0.0
10,raw_policy,gripper,across_run_std_p99,0.0
10,raw_policy,gripper,across_run_std_min,0.0
10,raw_policy,gripper,across_run_std_max,0.0
10,raw_policy,gripper,within_chunk_delta_mean,0.018508014630298227
10,raw_policy,gripper,within_chunk_delta_median,0.017390906810760498
10,raw_policy,gripper,within_chunk_delta_p90,0.03208566308021546
10,raw_policy,gripper,within_chunk_delta_p95,0.03532519340515134
10,raw_policy,gripper,within_chunk_delta_p99,0.04407768487930296
10,raw_policy,gripper,within_chunk_delta_min,0.003670334815979004
10,raw_policy,gripper,within_chunk_delta_max,0.0460851788520813
10,raw_policy,gripper,within_chunk_second_delta_mean,0.03138304501771927
10,raw_policy,gripper,within_chunk_second_delta_median,0.028364062309265137
10,raw_policy,gripper,within_chunk_second_delta_p90,0.051087221503257764
10,raw_policy,gripper,within_chunk_second_delta_p95,0.05907588005065917
10,raw_policy,gripper,within_chunk_second_delta_p99,0.06874049723148346
10,raw_policy,gripper,within_chunk_second_delta_min,0.00534588098526001
10,raw_policy,gripper,within_chunk_second_delta_max,0.06897270679473877
10,raw_policy,gripper,oscillation_ratio,0.6666666666666666
10,raw_policy,arms,across_run_std_mean,0.0
10,raw_policy,arms,across_run_std_median,0.0
10,raw_policy,arms,across_run_std_p90,0.0
10,raw_policy,arms,across_run_std_p95,0.0
10,raw_policy,arms,across_run_std_p99,0.0
10,raw_policy,arms,across_run_std_min,0.0
10,raw_policy,arms,across_run_std_max,0.0
10,raw_policy,arms,within_chunk_delta_mean,0.06538931470440358
10,raw_policy,arms,within_chunk_delta_median,0.058819979429244995
10,raw_policy,arms,within_chunk_delta_p90,0.09861629605293275
10,raw_policy,arms,within_chunk_delta_p95,0.12073243856430034
10,raw_policy,arms,within_chunk_delta_p99,0.15154329538345335
10,raw_policy,arms,within_chunk_delta_min,0.02135157585144043
10,raw_policy,arms,within_chunk_delta_max,0.1530805230140686
10,raw_policy,arms,within_chunk_second_delta_mean,0.08323292550630867
10,raw_policy,arms,within_chunk_second_delta_median,0.076954185962677
10,raw_policy,arms,within_chunk_second_delta_p90,0.12217343822121622
10,raw_policy,arms,within_chunk_second_delta_p95,0.14499411880969998
10,raw_policy,arms,within_chunk_second_delta_p99,0.16526239365339282
10,raw_policy,arms,within_chunk_second_delta_min,0.042416930198669434
10,raw_policy,arms,within_chunk_second_delta_max,0.17551103234291077
10,raw_policy,arms,oscillation_ratio,0.5643776824034334
10,robot_unit,all,across_run_std_mean,0.0
10,robot_unit,all,across_run_std_median,0.0
10,robot_unit,all,across_run_std_p90,0.0
10,robot_unit,all,across_run_std_p95,0.0
10,robot_unit,all,across_run_std_p99,0.0
10,robot_unit,all,across_run_std_min,0.0
10,robot_unit,all,across_run_std_max,0.0
10,robot_unit,all,within_chunk_delta_mean,0.024143493563240886
10,robot_unit,all,within_chunk_delta_median,0.021495938301086426
10,robot_unit,all,within_chunk_delta_p90,0.03965020477771759
10,robot_unit,all,within_chunk_delta_p95,0.04250787794589995
10,robot_unit,all,within_chunk_delta_p99,0.04850063920021057
10,robot_unit,all,within_chunk_delta_min,0.007356002926826477
10,robot_unit,all,within_chunk_delta_max,0.04920223355293274
10,robot_unit,all,within_chunk_second_delta_mean,0.03017461361984412
10,robot_unit,all,within_chunk_second_delta_median,0.02766585350036621
10,robot_unit,all,within_chunk_second_delta_p90,0.04498633742332459
10,robot_unit,all,within_chunk_second_delta_p95,0.047820198535919185
10,robot_unit,all,within_chunk_second_delta_p99,0.05655174985527994
10,robot_unit,all,within_chunk_second_delta_min,0.013342499732971191
10,robot_unit,all,within_chunk_second_delta_max,0.06348927319049835
10,robot_unit,all,oscillation_ratio,0.5393258426966292
10,robot_unit,right_arm,across_run_std_mean,0.0
10,robot_unit,right_arm,across_run_std_median,0.0
10,robot_unit,right_arm,across_run_std_p90,0.0
10,robot_unit,right_arm,across_run_std_p95,0.0
10,robot_unit,right_arm,across_run_std_p99,0.0
10,robot_unit,right_arm,across_run_std_min,0.0
10,robot_unit,right_arm,across_run_std_max,0.0
10,robot_unit,right_arm,within_chunk_delta_mean,0.012278217442181646
10,robot_unit,right_arm,within_chunk_delta_median,0.011100858449935913
10,robot_unit,right_arm,within_chunk_delta_p90,0.01732394695281983
10,robot_unit,right_arm,within_chunk_delta_p95,0.023507520556449887
10,robot_unit,right_arm,within_chunk_delta_p99,0.02961383700370788
10,robot_unit,right_arm,within_chunk_delta_min,0.004472017288208008
10,robot_unit,right_arm,within_chunk_delta_max,0.02999219298362732
10,robot_unit,right_arm,within_chunk_second_delta_mean,0.0214098837847511
10,robot_unit,right_arm,within_chunk_second_delta_median,0.021587908267974854
10,robot_unit,right_arm,within_chunk_second_delta_p90,0.03078097105026246
10,robot_unit,right_arm,within_chunk_second_delta_p95,0.044251833111047745
10,robot_unit,right_arm,within_chunk_second_delta_p99,0.05001162812113762
10,robot_unit,right_arm,within_chunk_second_delta_min,0.004477649927139282
10,robot_unit,right_arm,within_chunk_second_delta_max,0.05297647416591644
10,robot_unit,right_arm,oscillation_ratio,0.8809523809523809
10,robot_unit,left_arm,across_run_std_mean,0.0
10,robot_unit,left_arm,across_run_std_median,0.0
10,robot_unit,left_arm,across_run_std_p90,0.0
10,robot_unit,left_arm,across_run_std_p95,0.0
10,robot_unit,left_arm,across_run_std_p99,0.0
10,robot_unit,left_arm,across_run_std_min,0.0
10,robot_unit,left_arm,across_run_std_max,0.0
10,robot_unit,left_arm,within_chunk_delta_mean,0.023429165651299516
10,robot_unit,left_arm,within_chunk_delta_median,0.019733786582946777
10,robot_unit,left_arm,within_chunk_delta_p90,0.03965020477771759
10,robot_unit,left_arm,within_chunk_delta_p95,0.04250787794589995
10,robot_unit,left_arm,within_chunk_delta_p99,0.04850063920021057
10,robot_unit,left_arm,within_chunk_delta_min,0.005550980567932129
10,robot_unit,left_arm,within_chunk_delta_max,0.04920223355293274
10,robot_unit,left_arm,within_chunk_second_delta_mean,0.02770584433649977
10,robot_unit,left_arm,within_chunk_second_delta_median,0.02538442611694336
10,robot_unit,left_arm,within_chunk_second_delta_p90,0.04053692817687989
10,robot_unit,left_arm,within_chunk_second_delta_p95,0.047716850042343134
10,robot_unit,left_arm,within_chunk_second_delta_p99,0.05655174985527994
10,robot_unit,left_arm,within_chunk_second_delta_min,0.01094365119934082
10,robot_unit,left_arm,within_chunk_second_delta_max,0.06348927319049835
10,robot_unit,left_arm,oscillation_ratio,0.3231707317073171
10,robot_unit,gripper,across_run_std_mean,0.0
10,robot_unit,gripper,across_run_std_median,0.0
10,robot_unit,gripper,across_run_std_p90,0.0
10,robot_unit,gripper,across_run_std_p95,0.0
10,robot_unit,gripper,across_run_std_p99,0.0
10,robot_unit,gripper,across_run_std_min,0.0
10,robot_unit,gripper,across_run_std_max,0.0
10,robot_unit,gripper,within_chunk_delta_mean,0.007469974002059625
10,robot_unit,gripper,within_chunk_delta_median,0.006959438323974609
10,robot_unit,gripper,within_chunk_delta_p90,0.011556100845336922
10,robot_unit,gripper,within_chunk_delta_p95,0.015474355220794664
10,robot_unit,gripper,within_chunk_delta_p99,0.01948889970779418
10,robot_unit,gripper,within_chunk_delta_min,0.001622915267944336
10,robot_unit,gripper,within_chunk_delta_max,0.020376503467559814
10,robot_unit,gripper,within_chunk_second_delta_mean,0.012399036437273026
10,robot_unit,gripper,within_chunk_second_delta_median,0.011791825294494629
10,robot_unit,gripper,within_chunk_second_delta_p90,0.022477704286575324
10,robot_unit,gripper,within_chunk_second_delta_p95,0.026120331883430475
10,robot_unit,gripper,within_chunk_second_delta_p99,0.030393508076667786
10,robot_unit,gripper,within_chunk_second_delta_min,0.0018784403800964355
10,robot_unit,gripper,within_chunk_second_delta_max,0.030496180057525635
10,robot_unit,gripper,oscillation_ratio,0.8947368421052632
10,robot_unit,arms,across_run_std_mean,0.0
10,robot_unit,arms,across_run_std_median,0.0
10,robot_unit,arms,across_run_std_p90,0.0
10,robot_unit,arms,across_run_std_p95,0.0
10,robot_unit,arms,across_run_std_p99,0.0
10,robot_unit,arms,across_run_std_min,0.0
10,robot_unit,arms,across_run_std_max,0.0
10,robot_unit,arms,within_chunk_delta_mean,0.024067466622408554
10,robot_unit,arms,within_chunk_delta_median,0.021495938301086426
10,robot_unit,arms,within_chunk_delta_p90,0.03965020477771759
10,robot_unit,arms,within_chunk_delta_p95,0.04250787794589995
10,robot_unit,arms,within_chunk_delta_p99,0.04850063920021057
10,robot_unit,arms,within_chunk_delta_min,0.007356002926826477
10,robot_unit,arms,within_chunk_delta_max,0.04920223355293274
10,robot_unit,arms,within_chunk_second_delta_mean,0.02999626441548268
10,robot_unit,arms,within_chunk_second_delta_median,0.02766585350036621
10,robot_unit,arms,within_chunk_second_delta_p90,0.04498633742332459
10,robot_unit,arms,within_chunk_second_delta_p95,0.047820198535919185
10,robot_unit,arms,within_chunk_second_delta_p99,0.05655174985527994
10,robot_unit,arms,within_chunk_second_delta_min,0.013342499732971191
10,robot_unit,arms,within_chunk_second_delta_max,0.06348927319049835
10,robot_unit,arms,oscillation_ratio,0.5120967741935484
20,raw_policy,all,across_run_std_mean,0.0
20,raw_policy,all,across_run_std_median,0.0
20,raw_policy,all,across_run_std_p90,0.0
20,raw_policy,all,across_run_std_p95,0.0
20,raw_policy,all,across_run_std_p99,0.0
20,raw_policy,all,across_run_std_min,0.0
20,raw_policy,all,across_run_std_max,0.0
20,raw_policy,all,within_chunk_delta_mean,0.06660731889459552
20,raw_policy,all,within_chunk_delta_median,0.06162381172180176
20,raw_policy,all,within_chunk_delta_p90,0.11345646381378174
20,raw_policy,all,within_chunk_delta_p95,0.12385101020336144
20,raw_policy,all,within_chunk_delta_p99,0.16142698764801008
20,raw_policy,all,within_chunk_delta_min,0.021145284175872803
20,raw_policy,all,within_chunk_delta_max,0.180306077003479
20,raw_policy,all,within_chunk_second_delta_mean,0.0847297419483463
20,raw_policy,all,within_chunk_second_delta_median,0.07848802208900452
20,raw_policy,all,within_chunk_second_delta_p90,0.1310655325651169
20,raw_policy,all,within_chunk_second_delta_p95,0.15280394703149794
20,raw_policy,all,within_chunk_second_delta_p99,0.1745816715061665
20,raw_policy,all,within_chunk_second_delta_min,0.03989112377166748
20,raw_policy,all,within_chunk_second_delta_max,0.18428581953048706
20,raw_policy,all,oscillation_ratio,0.5496828752642706
20,raw_policy,right_arm,across_run_std_mean,0.0
20,raw_policy,right_arm,across_run_std_median,0.0
20,raw_policy,right_arm,across_run_std_p90,0.0
20,raw_policy,right_arm,across_run_std_p95,0.0
20,raw_policy,right_arm,across_run_std_p99,0.0
20,raw_policy,right_arm,across_run_std_min,0.0
20,raw_policy,right_arm,across_run_std_max,0.0
20,raw_policy,right_arm,within_chunk_delta_mean,0.02397810013926759
20,raw_policy,right_arm,within_chunk_delta_median,0.021145284175872803
20,raw_policy,right_arm,within_chunk_delta_p90,0.034925234317779545
20,raw_policy,right_arm,within_chunk_delta_p95,0.03699865341186523
20,raw_policy,right_arm,within_chunk_delta_p99,0.047710752487182616
20,raw_policy,right_arm,within_chunk_delta_min,0.010095477104187012
20,raw_policy,right_arm,within_chunk_delta_max,0.04812002182006836
20,raw_policy,right_arm,within_chunk_second_delta_mean,0.041464259227116905
20,raw_policy,right_arm,within_chunk_second_delta_median,0.03980797529220581
20,raw_policy,right_arm,within_chunk_second_delta_p90,0.061862927675247224
20,raw_policy,right_arm,within_chunk_second_delta_p95,0.06816553175449372
20,raw_policy,right_arm,within_chunk_second_delta_p99,0.07934755563735964
20,raw_policy,right_arm,within_chunk_second_delta_min,0.014266163110733032
20,raw_policy,right_arm,within_chunk_second_delta_max,0.0854920744895935
20,raw_policy,right_arm,oscillation_ratio,0.8313253012048193
20,raw_policy,left_arm,across_run_std_mean,0.0
20,raw_policy,left_arm,across_run_std_median,0.0
20,raw_policy,left_arm,across_run_std_p90,0.0
20,raw_policy,left_arm,across_run_std_p95,0.0
20,raw_policy,left_arm,across_run_std_p99,0.0
20,raw_policy,left_arm,across_run_std_min,0.0
20,raw_policy,left_arm,across_run_std_max,0.0
20,raw_policy,left_arm,within_chunk_delta_mean,0.06611090830090094
20,raw_policy,left_arm,within_chunk_delta_median,0.06162381172180176
20,raw_policy,left_arm,within_chunk_delta_p90,0.11345646381378174
20,raw_policy,left_arm,within_chunk_delta_p95,0.12385101020336144
20,raw_policy,left_arm,within_chunk_delta_p99,0.16142698764801008
20,raw_policy,left_arm,within_chunk_delta_min,0.01811078190803528
20,raw_policy,left_arm,within_chunk_delta_max,0.180306077003479
20,raw_policy,left_arm,within_chunk_second_delta_mean,0.0830871391420563
20,raw_policy,left_arm,within_chunk_second_delta_median,0.07620711624622345
20,raw_policy,left_arm,within_chunk_second_delta_p90,0.1310655325651169
20,raw_policy,left_arm,within_chunk_second_delta_p95,0.15280394703149794
20,raw_policy,left_arm,within_chunk_second_delta_p99,0.1745816715061665
20,raw_policy,left_arm,within_chunk_second_delta_min,0.025573134422302246
20,raw_policy,left_arm,within_chunk_second_delta_max,0.18428581953048706
20,raw_policy,left_arm,oscillation_ratio,0.33984375
20,raw_policy,gripper,across_run_std_mean,0.0
20,raw_policy,gripper,across_run_std_median,0.0
20,raw_policy,gripper,across_run_std_p90,0.0
20,raw_policy,gripper,across_run_std_p95,0.0
20,raw_policy,gripper,across_run_std_p99,0.0
20,raw_policy,gripper,across_run_std_min,0.0
20,raw_policy,gripper,across_run_std_max,0.0
20,raw_policy,gripper,within_chunk_delta_mean,0.018509307077952793
20,raw_policy,gripper,within_chunk_delta_median,0.018573343753814697
20,raw_policy,gripper,within_chunk_delta_p90,0.03234623074531556
20,raw_policy,gripper,within_chunk_delta_p95,0.040133428573608396
20,raw_policy,gripper,within_chunk_delta_p99,0.04236522912979125
20,raw_policy,gripper,within_chunk_delta_min,0.0015205740928649902
20,raw_policy,gripper,within_chunk_delta_max,0.04318505525588989
20,raw_policy,gripper,within_chunk_second_delta_mean,0.03180392893652121
20,raw_policy,gripper,within_chunk_second_delta_median,0.02888578176498413
20,raw_policy,gripper,within_chunk_second_delta_p90,0.053045243024826064
20,raw_policy,gripper,within_chunk_second_delta_p95,0.06068639904260635
20,raw_policy,gripper,within_chunk_second_delta_p99,0.07254951208829882
20,raw_policy,gripper,within_chunk_second_delta_min,0.005738615989685059
20,raw_policy,gripper,within_chunk_second_delta_max,0.08162105083465576
20,raw_policy,gripper,oscillation_ratio,0.6862745098039216
20,raw_policy,arms,across_run_std_mean,0.0
20,raw_policy,arms,across_run_std_median,0.0
20,raw_policy,arms,across_run_std_p90,0.0
20,raw_policy,arms,across_run_std_p95,0.0
20,raw_policy,arms,across_run_std_p99,0.0
20,raw_policy,arms,across_run_std_min,0.0
20,raw_policy,arms,across_run_std_max,0.0
20,raw_policy,arms,within_chunk_delta_mean,0.06656447045352994
20,raw_policy,arms,within_chunk_delta_median,0.06162381172180176
20,raw_policy,arms,within_chunk_delta_p90,0.11345646381378174
20,raw_policy,arms,within_chunk_delta_p95,0.12385101020336144
20,raw_policy,arms,within_chunk_delta_p99,0.16142698764801008
20,raw_policy,arms,within_chunk_delta_min,0.021145284175872803
20,raw_policy,arms,within_chunk_delta_max,0.180306077003479
20,raw_policy,arms,within_chunk_second_delta_mean,0.08472588813553254
20,raw_policy,arms,within_chunk_second_delta_median,0.07848802208900452
20,raw_policy,arms,within_chunk_second_delta_p90,0.1310655325651169
20,raw_policy,arms,within_chunk_second_delta_p95,0.15280394703149794
20,raw_policy,arms,within_chunk_second_delta_p99,0.1745816715061665
20,raw_policy,arms,within_chunk_second_delta_min,0.03989112377166748
20,raw_policy,arms,within_chunk_second_delta_max,0.18428581953048706
20,raw_policy,arms,oscillation_ratio,0.533175355450237
20,robot_unit,all,across_run_std_mean,0.0
20,robot_unit,all,across_run_std_median,0.0
20,robot_unit,all,across_run_std_p90,0.0
20,robot_unit,all,across_run_std_p95,0.0
20,robot_unit,all,across_run_std_p99,0.0
20,robot_unit,all,across_run_std_min,0.0
20,robot_unit,all,across_run_std_max,0.0
20,robot_unit,all,within_chunk_delta_mean,0.022881330542114317
20,robot_unit,all,within_chunk_delta_median,0.019144266843795776
20,robot_unit,all,within_chunk_delta_p90,0.039350607991218575
20,robot_unit,all,within_chunk_delta_p95,0.0439354807138443
20,robot_unit,all,within_chunk_delta_p99,0.0467931467294693
20,robot_unit,all,within_chunk_delta_min,0.007772564888000488
20,robot_unit,all,within_chunk_delta_max,0.04730738699436188
20,robot_unit,all,within_chunk_second_delta_mean,0.025829258064428966
20,robot_unit,all,within_chunk_second_delta_median,0.02407403290271759
20,robot_unit,all,within_chunk_second_delta_p90,0.036575353145599364
20,robot_unit,all,within_chunk_second_delta_p95,0.04087053686380386
20,robot_unit,all,within_chunk_second_delta_p99,0.04573498487472535
20,robot_unit,all,within_chunk_second_delta_min,0.012903332710266113
20,robot_unit,all,within_chunk_second_delta_max,0.04930746555328369
20,robot_unit,all,oscillation_ratio,0.44782608695652176
20,robot_unit,right_arm,across_run_std_mean,0.0
20,robot_unit,right_arm,across_run_std_median,0.0
20,robot_unit,right_arm,across_run_std_p90,0.0
20,robot_unit,right_arm,across_run_std_p95,0.0
20,robot_unit,right_arm,across_run_std_p99,0.0
20,robot_unit,right_arm,across_run_std_min,0.0
20,robot_unit,right_arm,across_run_std_max,0.0
20,robot_unit,right_arm,within_chunk_delta_mean,0.008993398778292597
20,robot_unit,right_arm,within_chunk_delta_median,0.008056193590164185
20,robot_unit,right_arm,within_chunk_delta_p90,0.013531470298767091
20,robot_unit,right_arm,within_chunk_delta_p95,0.015165442228317259
20,robot_unit,right_arm,within_chunk_delta_p99,0.021796644926071147
20,robot_unit,right_arm,within_chunk_delta_min,0.004128783941268921
20,robot_unit,right_arm,within_chunk_delta_max,0.024244993925094604
20,robot_unit,right_arm,within_chunk_second_delta_mean,0.015677449914316337
20,robot_unit,right_arm,within_chunk_second_delta_median,0.013509809970855713
20,robot_unit,right_arm,within_chunk_second_delta_p90,0.025801372528076186
20,robot_unit,right_arm,within_chunk_second_delta_p95,0.0321920946240425
20,robot_unit,right_arm,within_chunk_second_delta_p99,0.034651118814945224
20,robot_unit,right_arm,within_chunk_second_delta_min,0.0059511661529541016
20,robot_unit,right_arm,within_chunk_second_delta_max,0.03475669026374817
20,robot_unit,right_arm,oscillation_ratio,0.9574468085106383
20,robot_unit,left_arm,across_run_std_mean,0.0
20,robot_unit,left_arm,across_run_std_median,0.0
20,robot_unit,left_arm,across_run_std_p90,0.0
20,robot_unit,left_arm,across_run_std_p95,0.0
20,robot_unit,left_arm,across_run_std_p99,0.0
20,robot_unit,left_arm,across_run_std_min,0.0
20,robot_unit,left_arm,across_run_std_max,0.0
20,robot_unit,left_arm,within_chunk_delta_mean,0.022587856429876114
20,robot_unit,left_arm,within_chunk_delta_median,0.01843440532684326
20,robot_unit,left_arm,within_chunk_delta_p90,0.039350607991218575
20,robot_unit,left_arm,within_chunk_delta_p95,0.0439354807138443
20,robot_unit,left_arm,within_chunk_delta_p99,0.0467931467294693
20,robot_unit,left_arm,within_chunk_delta_min,0.007772564888000488
20,robot_unit,left_arm,within_chunk_delta_max,0.04730738699436188
20,robot_unit,left_arm,within_chunk_second_delta_mean,0.024574317503720522
20,robot_unit,left_arm,within_chunk_second_delta_median,0.022358179092407227
20,robot_unit,left_arm,within_chunk_second_delta_p90,0.036575353145599364
20,robot_unit,left_arm,within_chunk_second_delta_p95,0.04087053686380386
20,robot_unit,left_arm,within_chunk_second_delta_p99,0.04573498487472535
20,robot_unit,left_arm,within_chunk_second_delta_min,0.011022865772247314
20,robot_unit,left_arm,within_chunk_second_delta_max,0.04930746555328369
20,robot_unit,left_arm,oscillation_ratio,0.27058823529411763
20,robot_unit,gripper,across_run_std_mean,0.0
20,robot_unit,gripper,across_run_std_median,0.0
20,robot_unit,gripper,across_run_std_p90,0.0
20,robot_unit,gripper,across_run_std_p95,0.0
20,robot_unit,gripper,across_run_std_p99,0.0
20,robot_unit,gripper,across_run_std_min,0.0
20,robot_unit,gripper,across_run_std_max,0.0
20,robot_unit,gripper,within_chunk_delta_mean,0.0074388810566493446
20,robot_unit,gripper,within_chunk_delta_median,0.007467389106750488
20,robot_unit,gripper,within_chunk_delta_p90,0.013038754463195806
20,robot_unit,gripper,within_chunk_delta_p95,0.017744970321655274
20,robot_unit,gripper,within_chunk_delta_p99,0.01873176574707031
20,robot_unit,gripper,within_chunk_delta_min,0.0005121231079101562
20,robot_unit,gripper,within_chunk_delta_max,0.019094228744506836
20,robot_unit,gripper,within_chunk_second_delta_mean,0.012426171451807022
20,robot_unit,gripper,within_chunk_second_delta_median,0.01006019115447998
20,robot_unit,gripper,within_chunk_second_delta_p90,0.02100498676300049
20,robot_unit,gripper,within_chunk_second_delta_p95,0.024007675051689145
20,robot_unit,gripper,within_chunk_second_delta_p99,0.03147911489009858
20,robot_unit,gripper,within_chunk_second_delta_min,0.0024511218070983887
20,robot_unit,gripper,within_chunk_second_delta_max,0.036088764667510986
20,robot_unit,gripper,oscillation_ratio,0.9230769230769231
20,robot_unit,arms,across_run_std_mean,0.0
20,robot_unit,arms,across_run_std_median,0.0
20,robot_unit,arms,across_run_std_p90,0.0
20,robot_unit,arms,across_run_std_p95,0.0
20,robot_unit,arms,across_run_std_p99,0.0
20,robot_unit,arms,across_run_std_min,0.0
20,robot_unit,arms,across_run_std_max,0.0
20,robot_unit,arms,within_chunk_delta_mean,0.022755204680926944
20,robot_unit,arms,within_chunk_delta_median,0.019144266843795776
20,robot_unit,arms,within_chunk_delta_p90,0.039350607991218575
20,robot_unit,arms,within_chunk_delta_p95,0.0439354807138443
20,robot_unit,arms,within_chunk_delta_p99,0.0467931467294693
20,robot_unit,arms,within_chunk_delta_min,0.007772564888000488
20,robot_unit,arms,within_chunk_delta_max,0.04730738699436188
20,robot_unit,arms,within_chunk_second_delta_mean,0.02526092346912871
20,robot_unit,arms,within_chunk_second_delta_median,0.02407403290271759
20,robot_unit,arms,within_chunk_second_delta_p90,0.036575353145599364
20,robot_unit,arms,within_chunk_second_delta_p95,0.04087053686380386
20,robot_unit,arms,within_chunk_second_delta_p99,0.04573498487472535
20,robot_unit,arms,within_chunk_second_delta_min,0.012903332710266113
20,robot_unit,arms,within_chunk_second_delta_max,0.04930746555328369
20,robot_unit,arms,oscillation_ratio,0.41935483870967744
40,raw_policy,all,across_run_std_mean,0.0
40,raw_policy,all,across_run_std_median,0.0
40,raw_policy,all,across_run_std_p90,0.0
40,raw_policy,all,across_run_std_p95,0.0
40,raw_policy,all,across_run_std_p99,0.0
40,raw_policy,all,across_run_std_min,0.0
40,raw_policy,all,across_run_std_max,0.0
40,raw_policy,all,within_chunk_delta_mean,0.06832711010867236
40,raw_policy,all,within_chunk_delta_median,0.0617024302482605
40,raw_policy,all,within_chunk_delta_p90,0.12272083759307861
40,raw_policy,all,within_chunk_delta_p95,0.12741298675537108
40,raw_policy,all,within_chunk_delta_p99,0.16601245045661905
40,raw_policy,all,within_chunk_delta_min,0.019414186477661133
40,raw_policy,all,within_chunk_delta_max,0.18957796692848206
40,raw_policy,all,within_chunk_second_delta_mean,0.0848462520322452
40,raw_policy,all,within_chunk_second_delta_median,0.08495034277439117
40,raw_policy,all,within_chunk_second_delta_p90,0.13318727910518657
40,raw_policy,all,within_chunk_second_delta_p95,0.160479998588562
40,raw_policy,all,within_chunk_second_delta_p99,0.1801266342401505
40,raw_policy,all,within_chunk_second_delta_min,0.024532735347747803
40,raw_policy,all,within_chunk_second_delta_max,0.19355565309524536
40,raw_policy,all,oscillation_ratio,0.5377969762419006
40,raw_policy,right_arm,across_run_std_mean,0.0
40,raw_policy,right_arm,across_run_std_median,0.0
40,raw_policy,right_arm,across_run_std_p90,0.0
40,raw_policy,right_arm,across_run_std_p95,0.0
40,raw_policy,right_arm,across_run_std_p99,0.0
40,raw_policy,right_arm,across_run_std_min,0.0
40,raw_policy,right_arm,across_run_std_max,0.0
40,raw_policy,right_arm,within_chunk_delta_mean,0.017877612186937918
40,raw_policy,right_arm,within_chunk_delta_median,0.017742455005645752
40,raw_policy,right_arm,within_chunk_delta_p90,0.025154244899749757
40,raw_policy,right_arm,within_chunk_delta_p95,0.029259127378463732
40,raw_policy,right_arm,within_chunk_delta_p99,0.03356204509735106
40,raw_policy,right_arm,within_chunk_delta_min,0.008897840976715088
40,raw_policy,right_arm,within_chunk_delta_max,0.03474533557891846
40,raw_policy,right_arm,within_chunk_second_delta_mean,0.030370058491826057
40,raw_policy,right_arm,within_chunk_second_delta_median,0.02814069390296936
40,raw_policy,right_arm,within_chunk_second_delta_p90,0.04475814998149874
40,raw_policy,right_arm,within_chunk_second_delta_p95,0.04982984662055969
40,raw_policy,right_arm,within_chunk_second_delta_p99,0.05696784794330597
40,raw_policy,right_arm,within_chunk_second_delta_min,0.01480644941329956
40,raw_policy,right_arm,within_chunk_second_delta_max,0.05720353126525879
40,raw_policy,right_arm,oscillation_ratio,0.8285714285714286
40,raw_policy,left_arm,across_run_std_mean,0.0
40,raw_policy,left_arm,across_run_std_median,0.0
40,raw_policy,left_arm,across_run_std_p90,0.0
40,raw_policy,left_arm,across_run_std_p95,0.0
40,raw_policy,left_arm,across_run_std_p99,0.0
40,raw_policy,left_arm,across_run_std_min,0.0
40,raw_policy,left_arm,across_run_std_max,0.0
40,raw_policy,left_arm,within_chunk_delta_mean,0.06832711010867236
40,raw_policy,left_arm,within_chunk_delta_median,0.0617024302482605
40,raw_policy,left_arm,within_chunk_delta_p90,0.12272083759307861
40,raw_policy,left_arm,within_chunk_delta_p95,0.12741298675537108
40,raw_policy,left_arm,within_chunk_delta_p99,0.16601245045661905
40,raw_policy,left_arm,within_chunk_delta_min,0.019414186477661133
40,raw_policy,left_arm,within_chunk_delta_max,0.18957796692848206
40,raw_policy,left_arm,within_chunk_second_delta_mean,0.08477314196837445
40,raw_policy,left_arm,within_chunk_second_delta_median,0.08495034277439117
40,raw_policy,left_arm,within_chunk_second_delta_p90,0.13318727910518657
40,raw_policy,left_arm,within_chunk_second_delta_p95,0.160479998588562
40,raw_policy,left_arm,within_chunk_second_delta_p99,0.1801266342401505
40,raw_policy,left_arm,within_chunk_second_delta_min,0.02449735999107361
40,raw_policy,left_arm,within_chunk_second_delta_max,0.19355565309524536
40,raw_policy,left_arm,oscillation_ratio,0.3492647058823529
40,raw_policy,gripper,across_run_std_mean,0.0
40,raw_policy,gripper,across_run_std_median,0.0
40,raw_policy,gripper,across_run_std_p90,0.0
40,raw_policy,gripper,across_run_std_p95,0.0
40,raw_policy,gripper,across_run_std_p99,0.0
40,raw_policy,gripper,across_run_std_min,0.0
40,raw_policy,gripper,across_run_std_max,0.0
40,raw_policy,gripper,within_chunk_delta_mean,0.01698287591642263
40,raw_policy,gripper,within_chunk_delta_median,0.0151233971118927
40,raw_policy,gripper,within_chunk_delta_p90,0.03126969933509827
40,raw_policy,gripper,within_chunk_delta_p95,0.03319432735443115
40,raw_policy,gripper,within_chunk_delta_p99,0.042831709384918176
40,raw_policy,gripper,within_chunk_delta_min,0.0023459196090698242
40,raw_policy,gripper,within_chunk_delta_max,0.0476115345954895
40,raw_policy,gripper,within_chunk_second_delta_mean,0.028643527378638584
40,raw_policy,gripper,within_chunk_second_delta_median,0.025210797786712646
40,raw_policy,gripper,within_chunk_second_delta_p90,0.05125507712364197
40,raw_policy,gripper,within_chunk_second_delta_p95,0.05539398789405822
40,raw_policy,gripper,within_chunk_second_delta_p99,0.06966496884822848
40,raw_policy,gripper,within_chunk_second_delta_min,0.007482767105102539
40,raw_policy,gripper,within_chunk_second_delta_max,0.07991370558738708
40,raw_policy,gripper,oscillation_ratio,0.7450980392156863
40,raw_policy,arms,across_run_std_mean,0.0
40,raw_policy,arms,across_run_std_median,0.0
40,raw_policy,arms,across_run_std_p90,0.0
40,raw_policy,arms,across_run_std_p95,0.0
40,raw_policy,arms,across_run_std_p99,0.0
40,raw_policy,arms,across_run_std_min,0.0
40,raw_policy,arms,across_run_std_max,0.0
40,raw_policy,arms,within_chunk_delta_mean,0.06832711010867236
40,raw_policy,arms,within_chunk_delta_median,0.0617024302482605
40,raw_policy,arms,within_chunk_delta_p90,0.12272083759307861
40,raw_policy,arms,within_chunk_delta_p95,0.12741298675537108
40,raw_policy,arms,within_chunk_delta_p99,0.16601245045661905
40,raw_policy,arms,within_chunk_delta_min,0.019414186477661133
40,raw_policy,arms,within_chunk_delta_max,0.18957796692848206
40,raw_policy,arms,within_chunk_second_delta_mean,0.0848462520322452
40,raw_policy,arms,within_chunk_second_delta_median,0.08495034277439117
40,raw_policy,arms,within_chunk_second_delta_p90,0.13318727910518657
40,raw_policy,arms,within_chunk_second_delta_p95,0.160479998588562
40,raw_policy,arms,within_chunk_second_delta_p99,0.1801266342401505
40,raw_policy,arms,within_chunk_second_delta_min,0.024532735347747803
40,raw_policy,arms,within_chunk_second_delta_max,0.19355565309524536
40,raw_policy,arms,oscillation_ratio,0.5121359223300971
40,robot_unit,all,across_run_std_mean,0.0
40,robot_unit,all,across_run_std_median,0.0
40,robot_unit,all,across_run_std_p90,0.0
40,robot_unit,all,across_run_std_p95,0.0
40,robot_unit,all,across_run_std_p99,0.0
40,robot_unit,all,across_run_std_min,0.0
40,robot_unit,all,across_run_std_max,0.0
40,robot_unit,all,within_chunk_delta_mean,0.022869334841261104
40,robot_unit,all,within_chunk_delta_median,0.018510818481445312
40,robot_unit,all,within_chunk_delta_p90,0.037739682197570804
40,robot_unit,all,within_chunk_delta_p95,0.04537029266357418
40,robot_unit,all,within_chunk_delta_p99,0.05424110651016233
40,robot_unit,all,within_chunk_delta_min,0.00813603401184082
40,robot_unit,all,within_chunk_delta_max,0.05687129497528076
40,robot_unit,all,within_chunk_second_delta_mean,0.025539087907721598
40,robot_unit,all,within_chunk_second_delta_median,0.023052111268043518
40,robot_unit,all,within_chunk_second_delta_p90,0.03988262116909028
40,robot_unit,all,within_chunk_second_delta_p95,0.04288578629493713
40,robot_unit,all,within_chunk_second_delta_p99,0.04879091858863831
40,robot_unit,all,within_chunk_second_delta_min,0.010223761200904846
40,robot_unit,all,within_chunk_second_delta_max,0.050595760345458984
40,robot_unit,all,oscillation_ratio,0.41397849462365593
40,robot_unit,right_arm,across_run_std_mean,0.0
40,robot_unit,right_arm,across_run_std_median,0.0
40,robot_unit,right_arm,across_run_std_p90,0.0
40,robot_unit,right_arm,across_run_std_p95,0.0
40,robot_unit,right_arm,across_run_std_p99,0.0
40,robot_unit,right_arm,across_run_std_min,0.0
40,robot_unit,right_arm,across_run_std_max,0.0
40,robot_unit,right_arm,within_chunk_delta_mean,0.0069449924084605
40,robot_unit,right_arm,within_chunk_delta_median,0.006384521722793579
40,robot_unit,right_arm,within_chunk_delta_p90,0.011174851655960083
40,robot_unit,right_arm,within_chunk_delta_p95,0.012024545669555664
40,robot_unit,right_arm,within_chunk_delta_p99,0.015431842803955058
40,robot_unit,right_arm,within_chunk_delta_min,0.002484560012817383
40,robot_unit,right_arm,within_chunk_delta_max,0.0178220272064209
40,robot_unit,right_arm,within_chunk_second_delta_mean,0.01234352495521307
40,robot_unit,right_arm,within_chunk_second_delta_median,0.011469006538391113
40,robot_unit,right_arm,within_chunk_second_delta_p90,0.0194426640868187
40,robot_unit,right_arm,within_chunk_second_delta_p95,0.022970660030841826
40,robot_unit,right_arm,within_chunk_second_delta_p99,0.02759495258331299
40,robot_unit,right_arm,within_chunk_second_delta_min,0.004098862409591675
40,robot_unit,right_arm,within_chunk_second_delta_max,0.029084354639053345
40,robot_unit,right_arm,oscillation_ratio,1.0
40,robot_unit,left_arm,across_run_std_mean,0.0
40,robot_unit,left_arm,across_run_std_median,0.0
40,robot_unit,left_arm,across_run_std_p90,0.0
40,robot_unit,left_arm,across_run_std_p95,0.0
40,robot_unit,left_arm,across_run_std_p99,0.0
40,robot_unit,left_arm,across_run_std_min,0.0
40,robot_unit,left_arm,across_run_std_max,0.0
40,robot_unit,left_arm,within_chunk_delta_mean,0.022800495734020154
40,robot_unit,left_arm,within_chunk_delta_median,0.018510818481445312
40,robot_unit,left_arm,within_chunk_delta_p90,0.037739682197570804
40,robot_unit,left_arm,within_chunk_delta_p95,0.04537029266357418
40,robot_unit,left_arm,within_chunk_delta_p99,0.05424110651016233
40,robot_unit,left_arm,within_chunk_delta_min,0.006716132164001465
40,robot_unit,left_arm,within_chunk_delta_max,0.05687129497528076
40,robot_unit,left_arm,within_chunk_second_delta_mean,0.02520901228611668
40,robot_unit,left_arm,within_chunk_second_delta_median,0.022197842597961426
40,robot_unit,left_arm,within_chunk_second_delta_p90,0.03988262116909028
40,robot_unit,left_arm,within_chunk_second_delta_p95,0.04288578629493713
40,robot_unit,left_arm,within_chunk_second_delta_p99,0.04879091858863831
40,robot_unit,left_arm,within_chunk_second_delta_min,0.004970073699951172
40,robot_unit,left_arm,within_chunk_second_delta_max,0.050595760345458984
40,robot_unit,left_arm,oscillation_ratio,0.3006535947712418
40,robot_unit,gripper,across_run_std_mean,0.0
40,robot_unit,gripper,across_run_std_median,0.0
40,robot_unit,gripper,across_run_std_p90,0.0
40,robot_unit,gripper,across_run_std_p95,0.0
40,robot_unit,gripper,across_run_std_p99,0.0
40,robot_unit,gripper,across_run_std_min,0.0
40,robot_unit,gripper,across_run_std_max,0.0
40,robot_unit,gripper,within_chunk_delta_mean,0.006486631169611094
40,robot_unit,gripper,within_chunk_delta_median,0.0054048895835876465
40,robot_unit,gripper,within_chunk_delta_p90,0.010978472232818604
40,robot_unit,gripper,within_chunk_delta_p95,0.013329052925109858
40,robot_unit,gripper,within_chunk_delta_p99,0.015154149532318105
40,robot_unit,gripper,within_chunk_delta_min,0.0010372400283813477
40,robot_unit,gripper,within_chunk_delta_max,0.016412198543548584
40,robot_unit,gripper,within_chunk_second_delta_mean,0.01067925492922465
40,robot_unit,gripper,within_chunk_second_delta_median,0.009614229202270508
40,robot_unit,gripper,within_chunk_second_delta_p90,0.01757069230079651
40,robot_unit,gripper,within_chunk_second_delta_p95,0.020361718535423276
40,robot_unit,gripper,within_chunk_second_delta_p99,0.025920293331146243
40,robot_unit,gripper,within_chunk_second_delta_min,0.003308534622192383
40,robot_unit,gripper,within_chunk_second_delta_max,0.026912331581115723
40,robot_unit,gripper,oscillation_ratio,0.8333333333333334
40,robot_unit,arms,across_run_std_mean,0.0
40,robot_unit,arms,across_run_std_median,0.0
40,robot_unit,arms,across_run_std_p90,0.0
40,robot_unit,arms,across_run_std_p95,0.0
40,robot_unit,arms,across_run_std_p99,0.0
40,robot_unit,arms,across_run_std_min,0.0
40,robot_unit,arms,across_run_std_max,0.0
40,robot_unit,arms,within_chunk_delta_mean,0.022869334841261104
40,robot_unit,arms,within_chunk_delta_median,0.018510818481445312
40,robot_unit,arms,within_chunk_delta_p90,0.037739682197570804
40,robot_unit,arms,within_chunk_delta_p95,0.04537029266357418
40,robot_unit,arms,within_chunk_delta_p99,0.05424110651016233
40,robot_unit,arms,within_chunk_delta_min,0.00813603401184082
40,robot_unit,arms,within_chunk_delta_max,0.05687129497528076
40,robot_unit,arms,within_chunk_second_delta_mean,0.025509757455438375
40,robot_unit,arms,within_chunk_second_delta_median,0.023052111268043518
40,robot_unit,arms,within_chunk_second_delta_p90,0.03988262116909028
40,robot_unit,arms,within_chunk_second_delta_p95,0.04288578629493713
40,robot_unit,arms,within_chunk_second_delta_p99,0.04879091858863831
40,robot_unit,arms,within_chunk_second_delta_min,0.010223761200904846
40,robot_unit,arms,within_chunk_second_delta_max,0.050595760345458984
40,robot_unit,arms,oscillation_ratio,0.3850574712643678
